recall,precision,threshold
1.0,0.2658137882018479,0.014612512942442488
1.0,0.26600284495021337,0.015098433944536381
1.0,0.2661921708185053,0.015291172417718307
1.0,0.26638176638176636,0.016064550012898585
1.0,0.26657163221667857,0.016399863531276145
1.0,0.26676176890156916,0.016521002102821737
1.0,0.2669521770164168,0.01693148827737802
1.0,0.2671428571428571,0.017152534232633083
1.0,0.2673338098641887,0.017368983834033198
1.0,0.2675250357653791,0.01756568603920308
1.0,0.2677165354330709,0.01759998526901268
1.0,0.2679083094555874,0.017618868716432094
1.0,0.26810035842293906,0.01769543850977742
1.0,0.2684852835606604,0.017700067153352043
1.0,0.2686781609195402,0.018227000983396406
1.0,0.26887131560028754,0.018479093428147745
1.0,0.26906474820143883,0.018717909119709927
1.0,0.26925845932325415,0.018769731196950475
1.0,0.26945244956772335,0.01922607219812613
1.0,0.26964671953857244,0.01943452988747996
1.0,0.2698412698412698,0.020037005057642974
1.0,0.2700361010830325,0.020367190238096706
1.0,0.2702312138728324,0.020458056176576964
1.0,0.27042660882140274,0.02080783097018249
1.0,0.2706222865412446,0.020833175782454975
1.0,0.27081824764663287,0.021069691025471807
1.0,0.2710144927536232,0.021277197425374914
1.0,0.271211022480058,0.02138274366997985
1.0,0.2714078374455733,0.021855541951978728
1.0,0.27180232558139533,0.022042389610464626
1.0,0.272,0.022190664317584534
1.0,0.27219796215429404,0.022237533355646065
1.0,0.27239621267297887,0.02249484957143654
1.0,0.2725947521865889,0.0226367106250925
1.0,0.2727935813274982,0.0227790858057317
1.0,0.272992700729927,0.022782906163181713
1.0,0.2731921110299489,0.02279620514715998
1.0,0.2733918128654971,0.02289644829517656
1.0,0.27359180687637163,0.02330320493598622
1.0,0.27379209370424595,0.023341696503034474
1.0,0.273992673992674,0.02345750999604033
1.0,0.27419354838709675,0.024548776660907757
1.0,0.2743947175348496,0.024573687032663247
1.0,0.2745961820851689,0.024632730109571455
1.0,0.2747979426891991,0.024657037978673607
1.0,0.275,0.02493580874038103
1.0,0.27520235467255333,0.025332999035000237
1.0,0.27540500736377027,0.025365321156013452
1.0,0.27560795873249816,0.025407685386625998
1.0,0.275811209439528,0.025567346967915596
1.0,0.27601476014760146,0.025675628332338375
1.0,0.276218611521418,0.02570048977089354
1.0,0.2764227642276423,0.027250241188906395
1.0,0.27662721893491127,0.028118131258301322
1.0,0.2768319763138416,0.028764807512787514
1.0,0.277037037037037,0.029701925172122733
1.0,0.27724240177909565,0.02983305831316295
1.0,0.2774480712166172,0.029846958774516246
1.0,0.27786032689450224,0.02995358406853869
1.0,0.27806691449814125,0.029984637248333494
1.0,0.27827380952380953,0.030661769119789413
1.0,0.27848101265822783,0.03141972505204518
1.0,0.2786885245901639,0.03167989278648097
1.0,0.27889634601043994,0.03176004761825552
1.0,0.2791044776119403,0.03190570572510355
1.0,0.2793129200896191,0.0319101720801901
1.0,0.2795216741405082,0.03197693955549573
1.0,0.27973074046372476,0.032065457088407655
1.0,0.27994011976047906,0.03207345375062523
1.0,0.2801498127340824,0.03236353711225769
1.0,0.280359820089955,0.032423461120201565
1.0,0.2805701425356339,0.032551473347825426
1.0,0.2807807807807808,0.0326119723198984
1.0,0.2809917355371901,0.03279793223948333
1.0,0.281203007518797,0.032927139307077545
1.0,0.28141459744168545,0.033028824540604906
1.0,0.2816265060240964,0.033383171611441664
1.0,0.28183873398643555,0.03359651849622853
1.0,0.28205128205128205,0.03375984049613086
1.0,0.28226415094339624,0.03398116736449262
1.0,0.2824773413897281,0.03399253925655351
1.0,0.28269085411942557,0.03401186677713072
1.0,0.28290468986384265,0.03404665452164839
1.0,0.2831188493565481,0.03407682017639577
1.0,0.2833333333333333,0.03422328400373475
1.0,0.2835481425322214,0.03424381911261003
1.0,0.283763277693475,0.03442374109980263
1.0,0.2839787395596052,0.0345985745543668
1.0,0.28419452887537994,0.0346821658105546
1.0,0.2844106463878327,0.03488080703241039
1.0,0.2846270928462709,0.034940779050453286
1.0,0.28484386900228487,0.0349553993789468
1.0,0.2850609756097561,0.03524942842246406
1.0,0.28527841342486654,0.0358200838160877
1.0,0.28549618320610687,0.03587320621568544
1.0,0.2857142857142857,0.035979076359255395
1.0,0.28593272171253825,0.036054882715320404
1.0,0.2861514919663351,0.036129416294845076
1.0,0.28637059724349156,0.03626031561100625
1.0,0.28659003831417623,0.036357387625594206
1.0,0.28680981595092025,0.036510804482650254
1.0,0.2870299309286262,0.036512024682635015
1.0,0.2872503840245776,0.03676799736062609
1.0,0.28747117601844735,0.03678669711094342
1.0,0.2876923076923077,0.03690934081551402
1.0,0.2879137798306389,0.036958422185248016
1.0,0.288135593220339,0.03697964278295404
1.0,0.28835774865073244,0.037377916108749555
1.0,0.28858024691358025,0.03738494650541372
1.0,0.2888030888030888,0.037618999571215145
1.0,0.2890262751159196,0.03810353816130391
1.0,0.28924980665119876,0.038445334362464445
1.0,0.2894736842105263,0.03869370636527939
1.0,0.28969790859798605,0.03883404096853474
1.0,0.289922480620155,0.038856557691527675
1.0,0.29014740108611325,0.03893304345638196
1.0,0.29037267080745344,0.03903559391114421
1.0,0.2905982905982906,0.03908298888741681
1.0,0.29082426127527217,0.03913907645894317
1.0,0.29105058365758757,0.03975239482609302
1.0,0.29127725856697817,0.03996566315911401
1.0,0.2915042868277475,0.040120464975821404
1.0,0.2917316692667707,0.040360787291765315
1.0,0.29195940671350507,0.040386395525431745
1.0,0.2921875,0.04056247678945207
1.0,0.292415949960907,0.04074716590141807
1.0,0.29264475743348983,0.04086346455384039
1.0,0.29287392325763506,0.04105980437080039
1.0,0.29310344827586204,0.04117017436444467
1.0,0.29333333333333333,0.042248272618944344
1.0,0.29356357927786497,0.04227515267756164
1.0,0.29379418695993714,0.04247216142608125
1.0,0.2940251572327044,0.04258167474049767
1.0,0.2942564909520063,0.04274533340467547
1.0,0.29448818897637796,0.04314934709574805
1.0,0.29472025216706066,0.043385146351034354
1.0,0.2949526813880126,0.04343700082221574
1.0,0.2951854775059195,0.04345133693785566
1.0,0.29541864139020535,0.04351425155131775
1.0,0.2956521739130435,0.043551591245281865
1.0,0.2958860759493671,0.04370455653919472
1.0,0.29612034837688045,0.04391692195302036
1.0,0.29635499207606975,0.04420583221758106
1.0,0.2965900079302141,0.04455930039392251
1.0,0.2968253968253968,0.04474519480753236
1.0,0.29706115965051627,0.04476360805168095
1.0,0.2972972972972973,0.0451009113631138
1.0,0.2975338106603023,0.04516186811829066
1.0,0.29777070063694266,0.045289862231840367
1.0,0.29800796812749003,0.04552859943393428
1.0,0.2982456140350877,0.045724987433774615
1.0,0.29848363926576216,0.04584394180227521
1.0,0.2987220447284345,0.04586924798166521
1.0,0.29896083133493206,0.04591484200076551
1.0,0.2992,0.046012494110763746
1.0,0.29943955164131303,0.046071534967510326
1.0,0.29967948717948717,0.04637471435478565
1.0,0.29991980753809144,0.0464468660486639
1.0,0.3001605136436597,0.04657936253038005
1.0,0.3004016064257028,0.04659486369195582
1.0,0.30064308681672025,0.04660946913882573
1.0,0.3008849557522124,0.0466236670957173
1.0,0.30112721417069244,0.04673947713726007
0.9973262032085561,0.3005640612409347,0.0469876694050291
0.9973262032085561,0.3008064516129032,0.04707232735489664
0.9973262032085561,0.30104923325262306,0.047087489911214815
0.9973262032085561,0.30129240710823907,0.04714586782434343
0.9973262032085561,0.301535974130962,0.04788718554517878
0.9973262032085561,0.3017799352750809,0.04789346162457176
0.9973262032085561,0.3020242914979757,0.048098188660973706
0.9973262032085561,0.30226904376012964,0.04816790583851391
0.9973262032085561,0.30251419302514193,0.04832984534770741
0.9973262032085561,0.3027597402597403,0.048475289626778946
0.9973262032085561,0.30300568643379366,0.04895871693681277
0.9973262032085561,0.3032520325203252,0.049437741779585535
0.9973262032085561,0.30349877949552484,0.04945379279654333
0.9973262032085561,0.30374592833876224,0.04967827358632338
0.9973262032085561,0.30399348003259985,0.05007754005533
0.9973262032085561,0.30424143556280586,0.05017258600239438
0.9973262032085561,0.30448979591836733,0.0510566282361108
0.9973262032085561,0.3047385620915033,0.05113856276703359
0.9946524064171123,0.3041700735895339,0.05152504784238105
0.9946524064171123,0.3044189852700491,0.0515636883402066
0.9946524064171123,0.3046683046683047,0.051977049267312406
0.9946524064171123,0.30491803278688523,0.05199687894028402
0.9946524064171123,0.3051681706316653,0.05207754104727995
0.9946524064171123,0.3054187192118227,0.05257918686082904
0.9946524064171123,0.3056696795398521,0.052614871676380334
0.9946524064171123,0.3059210526315789,0.0527243933144237
0.9946524064171123,0.30617283950617286,0.05274367210686203
0.9946524064171123,0.30642504118616143,0.0527655727493679
0.9946524064171123,0.30667765869744434,0.05279189861897163
0.9946524064171123,0.3069306930693069,0.05283223256260855
0.9946524064171123,0.30718414533443433,0.05283886672081761
0.9946524064171123,0.3074380165289256,0.05284281079661726
0.9946524064171123,0.3076923076923077,0.05325434121222087
0.9946524064171123,0.3079470198675497,0.05349154909121652
0.9946524064171123,0.30820215410107704,0.053604147868278613
0.9946524064171123,0.30845771144278605,0.053611716728877254
0.9946524064171123,0.3087136929460581,0.053699417661637494
0.9946524064171123,0.3089700996677741,0.05374650426209966
0.9946524064171123,0.3092269326683292,0.053852774739716835
0.9946524064171123,0.30948419301164726,0.053906972230807884
0.9946524064171123,0.3097418817651957,0.05394492246996275
0.9946524064171123,0.31,0.05401102452216073
0.9946524064171123,0.3102585487906589,0.05435750020422697
0.9946524064171123,0.3105175292153589,0.05442359790286095
0.9946524064171123,0.3107769423558897,0.054639913680731754
0.9946524064171123,0.3110367892976589,0.05480900600044495
0.9946524064171123,0.3112970711297071,0.05559832131907987
0.9946524064171123,0.31155778894472363,0.05569689345248081
0.9946524064171123,0.31181894383906117,0.05581909380116791
0.9946524064171123,0.31208053691275167,0.05595656097841747
0.9946524064171123,0.3123425692695214,0.05600378445559269
0.9946524064171123,0.3126050420168067,0.0560640488341984
0.9946524064171123,0.3128679562657696,0.05622551133043136
0.9946524064171123,0.31313131313131315,0.05626022199588947
0.9946524064171123,0.3133951137320977,0.05626415649486765
0.9946524064171123,0.3136593591905565,0.05631994776127679
0.9946524064171123,0.3139240506329114,0.05644032926111267
0.9946524064171123,0.3141891891891892,0.056506143092350435
0.9946524064171123,0.3144547759932375,0.05659489414928709
0.9946524064171123,0.3147208121827411,0.05674815991477794
0.9946524064171123,0.31498729889923793,0.05678327879878114
0.9946524064171123,0.3152542372881356,0.057135710734876215
0.9946524064171123,0.3155216284987277,0.057460857515549156
0.9919786096256684,0.3149405772495755,0.05799694220535659
0.9919786096256684,0.31520815632965166,0.05878285224974287
0.9919786096256684,0.31547619047619047,0.058885564334389975
0.9919786096256684,0.31574468085106383,0.05898560392101094
0.9919786096256684,0.31601362862010224,0.059042896598044556
0.9919786096256684,0.31628303495311166,0.05905939692548586
0.9919786096256684,0.3165529010238908,0.05946348890925083
0.9919786096256684,0.31682322801024765,0.0595308433064271
0.9919786096256684,0.3170940170940171,0.059547175018506676
0.9919786096256684,0.31736526946107785,0.0596885417616003
0.9919786096256684,0.3176369863013699,0.06037944288603451
0.9919786096256684,0.31790916880891174,0.060413326008995336
0.9919786096256684,0.3181818181818182,0.06079885289151445
0.9919786096256684,0.3184549356223176,0.0609032162035095
0.9919786096256684,0.31872852233676974,0.06094429193720245
0.9919786096256684,0.31900257953568356,0.061016840959216716
0.9919786096256684,0.3192771084337349,0.06118740489986582
0.9919786096256684,0.3195521102497847,0.06120776774816694
0.9919786096256684,0.31982758620689655,0.061447743716316665
0.9919786096256684,0.3201035375323555,0.06159931334509982
0.9893048128342246,0.31951640759930916,0.06172417002448728
0.9893048128342246,0.3197925669835782,0.062215799819950374
0.9893048128342246,0.32006920415224915,0.062287453583386755
0.9893048128342246,0.3203463203463203,0.06252636140064631
0.9893048128342246,0.32062391681109187,0.06296834242793997
0.9893048128342246,0.32090199479618386,0.06326380417292625
0.9893048128342246,0.3211805555555556,0.063347814164427
0.9893048128342246,0.3214596003475239,0.06335858213266415
0.9893048128342246,0.3217391304347826,0.06338348513287928
0.9893048128342246,0.32201914708442125,0.06341048484718638
0.9893048128342246,0.32229965156794427,0.06358483506250846
0.9893048128342246,0.3225806451612903,0.06358602831624807
0.9893048128342246,0.3228621291448517,0.06370421695723291
0.9866310160427807,0.3222707423580786,0.06380100488640368
0.9866310160427807,0.32255244755244755,0.06416423576203568
0.9866310160427807,0.3228346456692913,0.06465993987617938
0.9866310160427807,0.3231173380035026,0.06474420844201158
0.9866310160427807,0.32340052585451357,0.06515066585310286
0.9866310160427807,0.3236842105263158,0.06531473993512767
0.9866310160427807,0.32396839332748023,0.0657087387262383
0.9866310160427807,0.3242530755711775,0.06570992032247969
0.9866310160427807,0.3245382585751979,0.06614137020787109
0.9866310160427807,0.3248239436619718,0.06646441105510144
0.9866310160427807,0.3251101321585903,0.06647773438757089
0.9866310160427807,0.3253968253968254,0.06657240169477134
0.9866310160427807,0.32568402471315094,0.06677999350703799
0.9866310160427807,0.32597173144876324,0.0667994799125788
0.9866310160427807,0.32625994694960214,0.06720075237275905
0.9866310160427807,0.32654867256637166,0.06744281751528558
0.9866310160427807,0.32683790965456155,0.0676242890498359
0.9866310160427807,0.3271276595744681,0.06777935958564338
0.9866310160427807,0.32741792369121564,0.0677890535236784
0.9866310160427807,0.327708703374778,0.06818215630078985
0.9866310160427807,0.328,0.06846144670478929
0.9866310160427807,0.32829181494661924,0.06862802044318393
0.9866310160427807,0.3285841495992876,0.06878195746974108
0.9866310160427807,0.32887700534759357,0.06937466889251433
0.9866310160427807,0.32917038358608386,0.06981069858977115
0.9866310160427807,0.3294642857142857,0.07003590499261342
0.9866310160427807,0.3297587131367292,0.07008104235043704
0.9866310160427807,0.3300536672629696,0.07034564304331131
0.9866310160427807,0.3303491495076097,0.0706266285870842
0.9866310160427807,0.33064516129032256,0.07128153955210526
0.9866310160427807,0.3309417040358744,0.07130038364836667
0.9866310160427807,0.33123877917414724,0.07146630295207622
0.9866310160427807,0.33153638814016173,0.0718476185307701
0.9866310160427807,0.3318345323741007,0.07259051649600994
0.9866310160427807,0.3321332133213321,0.0733753918179684
0.9866310160427807,0.3324324324324324,0.07357739677600678
0.9866310160427807,0.3327321911632101,0.07440005523541592
0.9866310160427807,0.33303249097472926,0.07467562978430241
0.9866310160427807,0.3333333333333333,0.07477163224163051
0.9866310160427807,0.3336347197106691,0.07576637226602952
0.9866310160427807,0.3339366515837104,0.07659981948241687
0.9866310160427807,0.3342391304347826,0.07687264544224756
0.9866310160427807,0.3345421577515866,0.07719857421313296
0.9866310160427807,0.33484573502722326,0.07812444474751133
0.9866310160427807,0.335149863760218,0.07830009103936751
0.9866310160427807,0.33545454545454545,0.0784640271311276
0.9866310160427807,0.33575978161965425,0.07854804570052937
0.9866310160427807,0.3360655737704918,0.07876574686792828
0.9866310160427807,0.33637192342752964,0.07977206928647332
0.9866310160427807,0.33667883211678834,0.07994291125387451
0.9866310160427807,0.336986301369863,0.08012545747293588
0.9866310160427807,0.3372943327239488,0.08020301481627974
0.9866310160427807,0.3376029277218664,0.08103706445134201
0.9866310160427807,0.33791208791208793,0.08199751102196925
0.9866310160427807,0.3382218148487626,0.0821898378409171
0.9866310160427807,0.3385321100917431,0.08243876426941792
0.9866310160427807,0.33884297520661155,0.08469247625526397
0.9866310160427807,0.3391544117647059,0.08532246576563705
0.9866310160427807,0.33946642134314625,0.08577998699612063
0.9866310160427807,0.3397790055248619,0.08619507428430505
0.9866310160427807,0.3400921658986175,0.08651580914478886
0.9866310160427807,0.3404059040590406,0.08778475411991889
0.9866310160427807,0.3407202216066482,0.08784645877852981
0.9866310160427807,0.3410351201478743,0.08839523362177142
0.9866310160427807,0.34135060129509714,0.09142077946829165
0.9866310160427807,0.3416666666666667,0.09255741893328479
0.9866310160427807,0.34198331788693237,0.09293035202085526
0.9866310160427807,0.3423005565862709,0.09399338187512399
0.9866310160427807,0.3426183844011142,0.09424131203830617
0.9866310160427807,0.3429368029739777,0.09564297813763502
0.9866310160427807,0.34325581395348836,0.0973650569974191
0.9866310160427807,0.3435754189944134,0.09756567845055879
0.9866310160427807,0.34389561975768873,0.09788885287803514
0.9866310160427807,0.34421641791044777,0.09789211942857973
0.9866310160427807,0.3445378151260504,0.09789923466341048
0.9866310160427807,0.3448598130841122,0.09831936633823983
0.9866310160427807,0.3451824134705332,0.0990385986097646
0.9866310160427807,0.3455056179775281,0.09962179374785304
0.9866310160427807,0.3458294283036551,0.10196010686189222
0.983957219251337,0.3452157598499062,0.10200784487075712
0.9812834224598931,0.34460093896713617,0.10240728891371838
0.9812834224598931,0.3449248120300752,0.10274825216049509
0.9812834224598931,0.34524929444967073,0.1030926025351222
0.9812834224598931,0.3455743879472693,0.10310465226562762
0.9812834224598931,0.3459000942507069,0.10527561541373283
0.9812834224598931,0.3462264150943396,0.10536015364298251
0.9812834224598931,0.3465533522190746,0.10635737825189183
0.9812834224598931,0.34688090737240074,0.10649733372893647
0.9812834224598931,0.34720908230842007,0.10717216741151092
0.9812834224598931,0.3475378787878788,0.10804534281455726
0.9786096256684492,0.3469194312796208,0.10869651852433676
0.9786096256684492,0.34724857685009486,0.10889083612770488
0.9786096256684492,0.3475783475783476,0.10979742165726035
0.9786096256684492,0.34790874524714827,0.10991782848123054
0.9759358288770054,0.3472882968601332,0.11165840577649054
0.9759358288770054,0.3476190476190476,0.11285551785357852
0.9759358288770054,0.3479504289799809,0.11330489647999024
0.9759358288770054,0.3482824427480916,0.11350803015501246
0.9759358288770054,0.34861509073543456,0.11376371208282463
0.9759358288770054,0.3489483747609943,0.11477043385513351
0.9759358288770054,0.3492822966507177,0.1160830468591546
0.9759358288770054,0.3496168582375479,0.11608532366152591
0.9759358288770054,0.34995206136145734,0.11624253632855015
0.9759358288770054,0.3502879078694818,0.11662716668378036
0.9759358288770054,0.3506243996157541,0.11677990391048443
0.9759358288770054,0.35096153846153844,0.11736526840110506
0.9759358288770054,0.35129932627526467,0.11760641273067454
0.9759358288770054,0.3516377649325626,0.11785618524328521
0.9759358288770054,0.351976856316297,0.11793457243587994
0.9759358288770054,0.35231660231660233,0.11873499617815374
0.9759358288770054,0.3526570048309179,0.11947100854588454
0.9759358288770054,0.3529980657640232,0.1201933986117084
0.9759358288770054,0.35333978702807356,0.12062913138553084
0.9759358288770054,0.3536821705426357,0.12258003281510077
0.9759358288770054,0.35402521823472355,0.12441803680350026
0.9759358288770054,0.35436893203883496,0.12707445238865434
0.9759358288770054,0.35471331389698735,0.1275238829008708
0.9759358288770054,0.3550583657587549,0.13063321526714164
0.9759358288770054,0.35540408958130476,0.13065971334130716
0.9759358288770054,0.3557504873294347,0.13084246234291863
0.9759358288770054,0.35609756097560974,0.13099402339696412
0.9759358288770054,0.3564453125,0.13208047881186188
0.9759358288770054,0.3567937438905181,0.13220825030556224
0.9759358288770054,0.35714285714285715,0.13426564490644757
0.9759358288770054,0.3574926542605289,0.1344948156616751
0.9759358288770054,0.35784313725490197,0.13543250376967983
0.9759358288770054,0.35819430814524045,0.13566477099719879
0.9759358288770054,0.35854616895874264,0.13618128989082826
0.9759358288770054,0.35889872173058013,0.13668630619238156
0.9759358288770054,0.359251968503937,0.13669067124122622
0.9759358288770054,0.35960591133004927,0.13771630348675548
0.9732620320855615,0.358974358974359,0.13868324674872384
0.9732620320855615,0.35932872655478776,0.1405174017738186
0.9732620320855615,0.35968379446640314,0.141976087169907
0.9732620320855615,0.3600395647873393,0.14268265379089926
0.9732620320855615,0.3603960396039604,0.14296026036809678
0.9732620320855615,0.3607532210109019,0.1470991198609089
0.9732620320855615,0.3611111111111111,0.1474980763041708
0.9732620320855615,0.3614697120158888,0.14805551631523975
0.9732620320855615,0.36182902584493043,0.14857743707131094
0.9732620320855615,0.36218905472636814,0.14905059571149462
0.9732620320855615,0.36254980079681276,0.14905528743842128
0.9732620320855615,0.3629112662013958,0.14999142650193759
0.9732620320855615,0.36327345309381237,0.15040982557350183
0.9732620320855615,0.36363636363636365,0.15053864802282607
0.9732620320855615,0.364,0.1506184816455781
0.9732620320855615,0.36436436436436437,0.15137595992327066
0.9732620320855615,0.36472945891783565,0.1516820361290242
0.9705882352941176,0.3640922768304915,0.15242269400375216
0.9705882352941176,0.3644578313253012,0.15270996033427195
0.9705882352941176,0.36482412060301506,0.15306253465602945
0.9705882352941176,0.36519114688128773,0.1564671931367462
0.9705882352941176,0.36555891238670696,0.1568878544570319
0.9679144385026738,0.3649193548387097,0.15800052697198955
0.9679144385026738,0.36528758829465185,0.15824263877744565
0.9679144385026738,0.3656565656565657,0.15878151029695814
0.9679144385026738,0.3660262891809909,0.15931858377635016
0.9679144385026738,0.36639676113360325,0.16206419252112003
0.9679144385026738,0.3667679837892604,0.16315637938741426
0.9679144385026738,0.3671399594320487,0.16338815505903967
0.9652406417112299,0.366497461928934,0.1634082981167907
0.9652406417112299,0.366869918699187,0.1647407777233443
0.9652406417112299,0.3672431332655137,0.16504334626749304
0.9652406417112299,0.36761710794297353,0.16517950463522857
0.9625668449197861,0.3669724770642202,0.16533146542612032
0.9625668449197861,0.3673469387755102,0.1681717149544372
0.9625668449197861,0.36772216547497444,0.1682240400047189
0.9625668449197861,0.36809815950920244,0.16827127896259875
0.9625668449197861,0.368474923234391,0.1686771122071144
0.9625668449197861,0.36885245901639346,0.16875493945220407
0.9625668449197861,0.36923076923076925,0.16892597216173186
0.9625668449197861,0.36960985626283366,0.17077009123969866
0.9625668449197861,0.3699897225077081,0.17124780542600637
0.9625668449197861,0.37037037037037035,0.17194002221766258
0.9625668449197861,0.3707518022657055,0.17394597951505875
0.9625668449197861,0.3711340206185567,0.17395348371409222
0.9625668449197861,0.3715170278637771,0.17398633742507527
0.9625668449197861,0.371900826446281,0.17406031702487504
0.9625668449197861,0.37228541882109617,0.17431158543169142
0.9625668449197861,0.37267080745341613,0.17585665625763627
0.9625668449197861,0.37305699481865284,0.17587539218382842
0.9625668449197861,0.37344398340248963,0.17603370101812135
0.9625668449197861,0.37383177570093457,0.1763170278973755
0.9625668449197861,0.37422037422037424,0.1768596021603716
0.9625668449197861,0.37460978147762747,0.1784481678246112
0.9598930481283422,0.37395833333333334,0.1788237798728177
0.9598930481283422,0.3743482794577685,0.17967308120553813
0.9598930481283422,0.3747390396659708,0.18020053415172158
0.9598930481283422,0.37513061650992685,0.18077159997229822
0.9598930481283422,0.37552301255230125,0.18126371753586892
0.9598930481283422,0.37591623036649213,0.18214545277127386
0.9598930481283422,0.37631027253668764,0.18229730890114001
0.9598930481283422,0.37670514165792235,0.18279796489123473
0.9598930481283422,0.37710084033613445,0.18377412361754156
0.9598930481283422,0.3774973711882229,0.18430982839584745
0.9598930481283422,0.3778947368421053,0.18481829188492432
0.9598930481283422,0.37829293993677554,0.18587627907411985
0.9598930481283422,0.37869198312236285,0.18662347536464927
0.9598930481283422,0.3790918690601901,0.18684382469114527
0.9572192513368984,0.3784355179704017,0.18737057807574617
0.9572192513368984,0.37883597883597886,0.18905347987225002
0.9572192513368984,0.3792372881355932,0.18941784107889745
0.9572192513368984,0.3796394485683987,0.19007649678365698
0.9572192513368984,0.38004246284501064,0.19025857668783722
0.9545454545454546,0.3793836344314559,0.19054616042752712
0.9545454545454546,0.3797872340425532,0.19095029668370303
0.9545454545454546,0.3801916932907348,0.19236470036174277
0.9545454545454546,0.3805970149253731,0.19258960115761228
0.9545454545454546,0.3810032017075774,0.19446607912906932
0.9545454545454546,0.3814102564102564,0.19613438373342565
0.9545454545454546,0.38181818181818183,0.19660112698324325
0.9545454545454546,0.3822269807280514,0.19676252229416116
0.9545454545454546,0.38263665594855306,0.19738220070886275
0.9545454545454546,0.3830472103004292,0.19743766859586825
0.9545454545454546,0.38345864661654133,0.1987106989976239
0.9545454545454546,0.38387096774193546,0.1993387484510242
0.9545454545454546,0.38428417653390745,0.1999695206894832
0.9545454545454546,0.38469827586206895,0.20017438888659503
0.9545454545454546,0.3851132686084142,0.2005722379960974
0.9545454545454546,0.3855291576673866,0.20271894396531673
0.9545454545454546,0.38594594594594595,0.20353418043623256
0.9518716577540107,0.3852813852813853,0.20497634428756106
0.9518716577540107,0.3856988082340195,0.20531757458941072
0.9518716577540107,0.38611713665943603,0.20642525633642936
0.9518716577540107,0.38653637350705755,0.20698652671562034
0.9518716577540107,0.3869565217391304,0.20767026538634636
0.9518716577540107,0.38737758433079433,0.2079628781417335
0.9518716577540107,0.3877995642701525,0.20830767731728275
0.9518716577540107,0.3882224645583424,0.20886092821863528
0.9491978609625669,0.3875545851528384,0.2092143237446934
0.9491978609625669,0.3879781420765027,0.21206216914705908
0.9491978609625669,0.38840262582056895,0.21257664048979866
0.9491978609625669,0.3888280394304491,0.21364304960158806
0.9491978609625669,0.3892543859649123,0.21737885925810654
0.9491978609625669,0.3896816684961581,0.218041954132577
0.9491978609625669,0.3901098901098901,0.21933637364354347
0.9491978609625669,0.39053905390539057,0.2201492826130071
0.9491978609625669,0.3909691629955947,0.22123318948499007
0.9491978609625669,0.3914002205071665,0.22245620110941908
0.9491978609625669,0.39183222958057395,0.22315364795990486
0.9491978609625669,0.39226519337016574,0.22336835170408023
0.9491978609625669,0.3926991150442478,0.22395220405251315
0.9491978609625669,0.39313399778516056,0.22431140637160937
0.9491978609625669,0.39356984478935697,0.2243504207006651
0.9491978609625669,0.3940066592674806,0.22498976897561287
0.946524064171123,0.3933333333333333,0.2254696941959924
0.946524064171123,0.39377085650723026,0.22675584605004956
0.946524064171123,0.39420935412026725,0.2280421039178353
0.946524064171123,0.39464882943143814,0.22823299899551036
0.946524064171123,0.3950892857142857,0.22980441513427172
0.946524064171123,0.39553072625698327,0.23001366197692594
0.946524064171123,0.3959731543624161,0.23009428039195326
0.946524064171123,0.3964165733482643,0.2304131506265573
0.946524064171123,0.3968609865470852,0.23098543830466114
0.946524064171123,0.39730639730639733,0.2315752549291169
0.946524064171123,0.39775280898876403,0.232358652362281
0.946524064171123,0.3982002249718785,0.23276494503664658
0.9438502673796791,0.3975225225225225,0.23394254351704125
0.9411764705882353,0.3968432919954904,0.23408729641877962
0.9411764705882353,0.3972911963882618,0.2342619690685325
0.9411764705882353,0.3977401129943503,0.2348805757262926
0.9411764705882353,0.39819004524886875,0.23538347604883592
0.9411764705882353,0.3986409966024915,0.2364379549901213
0.9411764705882353,0.39909297052154197,0.23661954349665335
0.9411764705882353,0.3995459704880817,0.2382374353639783
0.9411764705882353,0.4,0.23944058676383456
0.9411764705882353,0.4004550625711035,0.2398436828398772
0.9411764705882353,0.4009111617312073,0.24145880474286036
0.9411764705882353,0.4013683010262258,0.24157219619473053
0.9411764705882353,0.4018264840182648,0.24287510900694023
0.9385026737967914,0.40114285714285713,0.24314178519285723
0.9385026737967914,0.40160183066361554,0.2431418410739114
0.9358288770053476,0.4009163802978236,0.24318249320837018
0.9358288770053476,0.4013761467889908,0.24452621690497472
0.9358288770053476,0.4018369690011481,0.2459320533227398
0.9358288770053476,0.40229885057471265,0.24708392413621055
0.9358288770053476,0.40276179516685845,0.24721655897344644
0.9358288770053476,0.4032258064516129,0.24857717713721755
0.9358288770053476,0.40369088811995385,0.25153919390751084
0.9358288770053476,0.40415704387990764,0.2528118334829963
0.9358288770053476,0.4046242774566474,0.2538298046012885
0.9358288770053476,0.4050925925925926,0.2548809571922565
0.9358288770053476,0.4055619930475087,0.2549342505931291
0.9358288770053476,0.4060324825986079,0.255068699721969
0.9358288770053476,0.4065040650406504,0.25608747587676367
0.9358288770053476,0.4069767441860465,0.2570055773398098
0.9331550802139037,0.4062863795110594,0.25745807008739885
0.9331550802139037,0.40675990675990675,0.25825612055504243
0.9331550802139037,0.4072345390898483,0.2588653054105745
0.93048128342246,0.40654205607476634,0.25929364881359157
0.9278074866310161,0.4058479532163743,0.2628648856984263
0.9278074866310161,0.4063231850117096,0.26333142639847573
0.9278074866310161,0.406799531066823,0.2652008465236555
0.9278074866310161,0.4072769953051643,0.26541387710969394
0.9278074866310161,0.40775558166862513,0.2657160309835044
0.9278074866310161,0.4082352941176471,0.2657911065353777
0.9251336898395722,0.4075382803297998,0.266121286832433
0.9251336898395722,0.4080188679245283,0.266964248384335
0.9251336898395722,0.4085005903187721,0.2698051092027314
0.9251336898395722,0.408983451536643,0.2701367792312981
0.9251336898395722,0.40946745562130177,0.27052071060246247
0.9251336898395722,0.4099526066350711,0.270708578464539
0.9251336898395722,0.41043890865954924,0.2713036640763814
0.9224598930481284,0.40973871733966744,0.2713178099353308
0.9224598930481284,0.4102259215219976,0.27167014468038014
0.9224598930481284,0.4107142857142857,0.2718343931284525
0.9224598930481284,0.41120381406436235,0.2727796761878612
0.9224598930481284,0.4116945107398568,0.27653228034186794
0.9224598930481284,0.4121863799283154,0.276536226683069
0.9224598930481284,0.4126794258373206,0.2794250804242936
0.9224598930481284,0.41317365269461076,0.2795399429062765
0.9224598930481284,0.4136690647482014,0.27956322152860086
0.9224598930481284,0.4141656662665066,0.2813188198836062
0.9224598930481284,0.41466346153846156,0.2813878044854921
0.9224598930481284,0.4151624548736462,0.2820630849422192
0.9224598930481284,0.41566265060240964,0.28486573217747246
0.9224598930481284,0.4161640530759952,0.28580321196523023
0.9224598930481284,0.4166666666666667,0.28683029923808756
0.9197860962566845,0.4159613059250302,0.28714570897599434
0.9197860962566845,0.41646489104116224,0.2872473694489672
0.9197860962566845,0.416969696969697,0.28826567037439427
0.9197860962566845,0.4174757281553398,0.28844679769564263
0.9197860962566845,0.41798298906439857,0.2885334701482724
0.9197860962566845,0.41849148418491483,0.28915582845123794
0.9197860962566845,0.4190012180267966,0.28915730832559616
0.9197860962566845,0.4195121951219512,0.2904363460400646
0.9197860962566845,0.42002442002442003,0.2908862126390096
0.9171122994652406,0.4193154034229829,0.2909341780887724
0.9171122994652406,0.41982864137086906,0.29203198533657954
0.9171122994652406,0.42034313725490197,0.2937514250595699
0.9171122994652406,0.4208588957055215,0.2950148556337597
0.9171122994652406,0.4213759213759214,0.29584783113356294
0.9171122994652406,0.4218942189421894,0.2978026900301703
0.9171122994652406,0.4224137931034483,0.2979639183872675
0.9171122994652406,0.42293464858199753,0.2983256857627113
0.9171122994652406,0.42345679012345677,0.2997527279162111
0.9144385026737968,0.4227441285537701,0.3005768454876843
0.9144385026737968,0.42326732673267325,0.3030036246036336
0.9144385026737968,0.42379182156133827,0.3052529961474499
0.9144385026737968,0.42431761786600497,0.30663671491129774
0.9144385026737968,0.4248447204968944,0.3067625710867199
0.9144385026737968,0.4253731343283582,0.3099145905461914
0.9117647058823529,0.4246575342465753,0.31002333945445604
0.9117647058823529,0.4251870324189526,0.31016447259881097
0.9117647058823529,0.4257178526841448,0.31173918823906777
0.9117647058823529,0.42625,0.3118288883971855
0.9117647058823529,0.4267834793491865,0.31247066687984837
0.9117647058823529,0.4273182957393484,0.31270808066579553
0.9117647058823529,0.42785445420326224,0.31627359908619956
0.9090909090909091,0.4271356783919598,0.31635505772587236
0.9090909090909091,0.4276729559748428,0.3168109208084506
0.9090909090909091,0.4282115869017632,0.3194552138141641
0.9090909090909091,0.4287515762925599,0.31956408839957545
0.9090909090909091,0.4292929292929293,0.3203665603882849
0.9090909090909091,0.42983565107458915,0.32186102282642987
0.9064171122994652,0.4291139240506329,0.32310370509223324
0.9064171122994652,0.4296577946768061,0.3240315795641845
0.9037433155080213,0.4289340101522843,0.32579051981816787
0.9037433155080213,0.4300254452926209,0.32625792585859886
0.9037433155080213,0.4305732484076433,0.3274158131819884
0.9037433155080213,0.43112244897959184,0.3293095700709033
0.9010695187165776,0.43039591315453385,0.3321647757359723
0.9010695187165776,0.4309462915601023,0.33293829050182006
0.9010695187165776,0.43149807938540335,0.33495755122096654
0.9010695187165776,0.43205128205128207,0.33565072493939363
0.9010695187165776,0.4326059050064185,0.3377754411262308
0.9010695187165776,0.43316195372750643,0.338111444922682
0.9010695187165776,0.4337194337194337,0.3382095969082173
0.9010695187165776,0.43427835051546393,0.3393797427625582
0.9010695187165776,0.43483870967741933,0.34140253752195104
0.9010695187165776,0.4354005167958656,0.34215000018214625
0.8983957219251337,0.4346701164294955,0.3431976733860151
0.8957219251336899,0.4339378238341969,0.3433747810235029
0.8957219251336899,0.4345006485084306,0.3436187627625837
0.8957219251336899,0.43506493506493504,0.34415243299540865
0.8957219251336899,0.435630689206762,0.3446314683754205
0.8957219251336899,0.4361979166666667,0.34611732173408155
0.8957219251336899,0.4367666232073012,0.3471908426208654
0.8957219251336899,0.43733681462140994,0.3486348406132501
0.8957219251336899,0.43790849673202614,0.34903853818373903
0.8957219251336899,0.43848167539267013,0.34972879407079477
0.8957219251336899,0.43905635648754915,0.3511663246743397
0.8957219251336899,0.43963254593175854,0.3514261546412469
0.8957219251336899,0.44021024967148487,0.351984853868102
0.8957219251336899,0.4407894736842105,0.35248176903767753
0.8957219251336899,0.4413702239789196,0.35251779139425415
0.893048128342246,0.44063324538258575,0.35426736506834366
0.893048128342246,0.44121532364597094,0.3562368110360031
0.893048128342246,0.4417989417989418,0.3568181167529596
0.8903743315508021,0.4410596026490066,0.356963594423236
0.8903743315508021,0.4416445623342175,0.3579233164610198
0.8903743315508021,0.44223107569721115,0.35798355206430454
0.8877005347593583,0.44148936170212766,0.36330951223081437
0.8877005347593583,0.4420772303595206,0.3651846505443681
0.8850267379679144,0.44133333333333336,0.36596199468156804
0.8850267379679144,0.44192256341789055,0.3675243871017879
0.8850267379679144,0.4425133689839572,0.36872592269934157
0.8850267379679144,0.4431057563587684,0.3691138812412963
0.8850267379679144,0.4436997319034853,0.36946885574097704
0.8823529411764706,0.4429530201342282,0.37064268820216933
0.8823529411764706,0.4435483870967742,0.3711223543744312
0.8796791443850267,0.4427994616419919,0.37175574391011523
0.8770053475935828,0.4420485175202156,0.3720498765170645
0.8770053475935828,0.4426450742240216,0.3733750797049078
0.8770053475935828,0.44324324324324327,0.3740210881955568
0.8770053475935828,0.4438430311231394,0.374930534587924
0.8770053475935828,0.4444444444444444,0.3749766637446
0.8770053475935828,0.4450474898236092,0.37710598091983427
0.8770053475935828,0.44565217391304346,0.3771245327173953
0.8770053475935828,0.44625850340136053,0.3775739671684877
0.8770053475935828,0.44686648501362397,0.3780393243561118
0.8743315508021391,0.4461118690313779,0.3790173522652177
0.8716577540106952,0.4453551912568306,0.37945493297513017
0.8689839572192514,0.44459644322845415,0.379992046699536
0.8663101604278075,0.4438356164383562,0.38020757342440237
0.8663101604278075,0.4444444444444444,0.38131485825436207
0.8636363636363636,0.44368131868131866,0.3819391274104104
0.8636363636363636,0.4442916093535076,0.38196914615452365
0.8636363636363636,0.44490358126721763,0.38215655640620794
0.8636363636363636,0.44551724137931037,0.38251098389453403
0.8636363636363636,0.44613259668508287,0.38277866107838227
0.8609625668449198,0.44536652835408025,0.3850855365163559
0.8609625668449198,0.44598337950138506,0.38532293628088155
0.8609625668449198,0.44660194174757284,0.38582674434163516
0.8582887700534759,0.44583333333333336,0.38751862504419776
0.8582887700534759,0.44645340751043117,0.38858016014166324
0.8582887700534759,0.44707520891364905,0.38886959429617024
0.8582887700534759,0.4476987447698745,0.38972947908999905
0.8582887700534759,0.4483240223463687,0.3913386970273068
0.8582887700534759,0.4489510489510489,0.39274519976503774
0.8582887700534759,0.45021037868162694,0.3943549065013299
0.8582887700534759,0.4508426966292135,0.39498601914306614
0.8582887700534759,0.45147679324894513,0.3981027393157766
0.8582887700534759,0.45211267605633804,0.398259010357611
0.8582887700534759,0.4527503526093089,0.3983995986500576
0.8582887700534759,0.4533898305084746,0.39905272028016364
0.8582887700534759,0.45403111739745405,0.4000259928712723
0.8582887700534759,0.4546742209631728,0.4002520858795004
0.8556149732620321,0.45390070921985815,0.40069167173151593
0.8556149732620321,0.45454545454545453,0.4013426840319644
0.8556149732620321,0.45519203413940257,0.40407185334985035
0.8556149732620321,0.45584045584045585,0.40544109236030645
0.8556149732620321,0.456490727532097,0.40967741068102415
0.8556149732620321,0.45714285714285713,0.4100791872282653
0.8556149732620321,0.45779685264663805,0.4101145371197255
0.8529411764705882,0.45702005730659023,0.4130198060710313
0.8529411764705882,0.45767575322812054,0.41463381024783547
0.8529411764705882,0.4583333333333333,0.4157429987810386
0.8529411764705882,0.4589928057553957,0.4159999121883163
0.8529411764705882,0.4596541786743516,0.41664467848406844
0.8502673796791443,0.4588744588744589,0.416825485378422
0.8475935828877005,0.45809248554913296,0.4171870264345684
0.8475935828877005,0.45875542691751087,0.4173341094483085
0.8475935828877005,0.45942028985507244,0.4184025089388087
0.8475935828877005,0.46008708272859217,0.4218167196186581
0.8475935828877005,0.46075581395348836,0.42286349590857797
0.8449197860962567,0.45997088791848617,0.4232626337763915
0.8449197860962567,0.4606413994169096,0.4256678549767061
0.8449197860962567,0.46131386861313867,0.42710460936993444
0.8449197860962567,0.4619883040935672,0.4273141884468999
0.8449197860962567,0.46266471449487556,0.4273329094742997
0.8449197860962567,0.4633431085043988,0.42789004250458124
0.8449197860962567,0.46402349486049926,0.4279335636994566
0.8449197860962567,0.4647058823529412,0.4285030829929994
0.8449197860962567,0.4653902798232695,0.42928183284992194
0.8422459893048129,0.4646017699115044,0.4327888287917453
0.8422459893048129,0.465288035450517,0.4330130834022693
0.839572192513369,0.46449704142011833,0.43358921058453737
0.839572192513369,0.4651851851851852,0.43369368609235326
0.8368983957219251,0.46439169139465875,0.4344695228685232
0.8368983957219251,0.4650817236255572,0.4352685843965326
0.8368983957219251,0.46577380952380953,0.43634607632530775
0.8368983957219251,0.46646795827123694,0.4369316205224398
0.8368983957219251,0.4671641791044776,0.4372819078231226
0.8368983957219251,0.4678624813153961,0.43744599867210465
0.8368983957219251,0.468562874251497,0.43845598478869974
0.8342245989304813,0.46776611694152925,0.4396897071911279
0.8315508021390374,0.466966966966967,0.44151410598429164
0.8315508021390374,0.46766917293233085,0.4438132021315171
0.8315508021390374,0.4683734939759036,0.44394425712615665
0.8315508021390374,0.46907993966817496,0.4484564592490202
0.8315508021390374,0.4697885196374622,0.4490727233013607
0.8315508021390374,0.47049924357034795,0.4500164768195275
0.8315508021390374,0.4712121212121212,0.45102475214934606
0.8315508021390374,0.47192716236722304,0.4523155851345909
0.8315508021390374,0.4726443768996961,0.4530537532497706
0.8315508021390374,0.4733637747336377,0.45328588099489886
0.8315508021390374,0.4740853658536585,0.45389963082789486
0.8315508021390374,0.47480916030534354,0.4546077342124571
0.8315508021390374,0.47553516819571867,0.4549630932261703
0.8288770053475936,0.47473200612557426,0.4559653560256774
0.8288770053475936,0.4754601226993865,0.4561720248826261
0.8288770053475936,0.47619047619047616,0.4568218103406485
0.8288770053475936,0.47692307692307695,0.4574125863021328
0.8288770053475936,0.4776579352850539,0.4589304440671589
0.8288770053475936,0.4783950617283951,0.46229655664282593
0.8288770053475936,0.47913446676970634,0.4627595614503653
0.8288770053475936,0.47987616099071206,0.46333046642266046
0.8288770053475936,0.4806201550387597,0.4648054428005516
0.8262032085561497,0.4798136645962733,0.4664102175680597
0.8262032085561497,0.48055987558320373,0.46670991954137303
0.8262032085561497,0.48130841121495327,0.46758279227506355
0.8262032085561497,0.48205928237129486,0.4676637979751928
0.8262032085561497,0.4828125,0.46970574621369465
0.8235294117647058,0.48200312989045385,0.4705278839973901
0.8235294117647058,0.4827586206896552,0.4706151281386386
0.820855614973262,0.48194662480376765,0.4706652809498042
0.820855614973262,0.4827044025157233,0.47128960112603924
0.820855614973262,0.48346456692913387,0.4714614909644567
0.8181818181818182,0.48264984227129337,0.47400761006649866
0.8181818181818182,0.4834123222748815,0.4740223198412957
0.8181818181818182,0.48417721518987344,0.4746864792516966
0.8181818181818182,0.4849445324881141,0.4760177592760579
0.8181818181818182,0.4857142857142857,0.47660895520573204
0.8181818181818182,0.4864864864864865,0.4773854511875218
0.8155080213903744,0.4856687898089172,0.47869475516887744
0.8155080213903744,0.4864433811802233,0.48213579377214916
0.8155080213903744,0.48722044728434505,0.4843845285181977
0.8155080213903744,0.488,0.48505611195339715
0.8155080213903744,0.48878205128205127,0.48510812178527357
0.8155080213903744,0.4895666131621188,0.4877956335967591
0.8155080213903744,0.4903536977491961,0.4880288751272454
0.8155080213903744,0.49114331723027377,0.48950030157594515
0.8155080213903744,0.49193548387096775,0.4895721261945641
0.8155080213903744,0.4927302100161551,0.4900804232122364
0.8155080213903744,0.4935275080906149,0.4902433864482029
0.8155080213903744,0.49432739059967584,0.4919556719777965
0.8128342245989305,0.4935064935064935,0.4937588962133233
0.8128342245989305,0.4943089430894309,0.49510978245377135
0.8128342245989305,0.495114006514658,0.4954102677364296
0.8101604278074866,0.49429037520391517,0.49568916710139943
0.8101604278074866,0.4950980392156863,0.49731912873742923
0.8101604278074866,0.4959083469721768,0.49737426930898876
0.8101604278074866,0.4967213114754098,0.49932937622311624
0.8101604278074866,0.4975369458128079,0.49992160678629455
0.8074866310160428,0.4967105263157895,0.500130911894379
0.8074866310160428,0.4975288303130148,0.5016821005620405
0.8074866310160428,0.49834983498349833,0.5022513172009473
0.8048128342245989,0.4975206611570248,0.5022517596333252
0.8021390374331551,0.4966887417218543,0.502585870518366
0.8021390374331551,0.4975124378109453,0.5039671104964308
0.8021390374331551,0.4983388704318937,0.5048526908772076
0.8021390374331551,0.49916805324459235,0.505604485948942
0.8021390374331551,0.5,0.5086311444033021
0.8021390374331551,0.5008347245409015,0.5088484731779964
0.8021390374331551,0.5016722408026756,0.5088952528807058
0.7994652406417112,0.5008375209380235,0.5094120227303052
0.7994652406417112,0.5016778523489933,0.5103966018181789
0.7967914438502673,0.5008403361344538,0.5121006147104904
0.7967914438502673,0.5016835016835017,0.5147001267814263
0.7967914438502673,0.5025295109612141,0.5150116001049573
0.7967914438502673,0.5033783783783784,0.5153316758351154
0.7967914438502673,0.5042301184433164,0.5159476843426727
0.7967914438502673,0.5050847457627119,0.5162476723085875
0.7967914438502673,0.5059422750424448,0.5169456329811984
0.7941176470588235,0.5051020408163265,0.5181552434644009
0.7941176470588235,0.5059625212947189,0.519538886426942
0.7941176470588235,0.5068259385665529,0.5197638308790615
0.7941176470588235,0.5076923076923077,0.5200059362652673
0.7941176470588235,0.5085616438356164,0.5213871564506556
0.7941176470588235,0.5094339622641509,0.521485114555823
0.7807486631016043,0.5078260869565218,0.5222213498353888
0.7807486631016043,0.5087108013937283,0.5225015406166151
0.7807486631016043,0.5095986038394416,0.5240487840509874
0.7780748663101604,0.5087412587412588,0.5243246561483763
0.7780748663101604,0.5096322241681261,0.5249099904266936
0.7780748663101604,0.5105263157894737,0.5275438498330318
0.7780748663101604,0.5114235500878734,0.5288974799017677
0.7780748663101604,0.5123239436619719,0.5291973568583381
0.7754010695187166,0.5141843971631206,0.529684196225269
0.7754010695187166,0.5150976909413855,0.5336878518098622
0.7754010695187166,0.5160142348754448,0.5352171770656513
0.7754010695187166,0.5169340463458111,0.5364406106162588
0.7754010695187166,0.5178571428571429,0.5387308119760558
0.7754010695187166,0.518783542039356,0.5412690556016295
0.7754010695187166,0.5197132616487455,0.542338580073927
0.7727272727272727,0.518850987432675,0.5431184984925961
0.7727272727272727,0.5197841726618705,0.5435137918594036
0.7727272727272727,0.5207207207207207,0.5443833683287597
0.7727272727272727,0.5216606498194946,0.5447719674313758
0.7727272727272727,0.5226039783001808,0.5454048311880162
0.7727272727272727,0.5235507246376812,0.5471854520194708
0.7727272727272727,0.5245009074410163,0.54788399869084
0.7727272727272727,0.5254545454545455,0.5489545978423391
0.7700534759358288,0.5245901639344263,0.5510580278141218
0.7700534759358288,0.5255474452554745,0.5515114867495362
0.7700534759358288,0.526508226691042,0.5543245986663448
0.7700534759358288,0.5274725274725275,0.5544016918530202
0.7700534759358288,0.5284403669724771,0.5561630414720004
0.7700534759358288,0.5294117647058824,0.556582979650913
0.767379679144385,0.5285451197053407,0.5567658851845334
0.767379679144385,0.5295202952029521,0.5570547254947193
0.767379679144385,0.5304990757855823,0.5575330033834102
0.767379679144385,0.5314814814814814,0.5594868098149617
0.7647058823529411,0.5306122448979592,0.5600234446587353
0.7647058823529411,0.5315985130111525,0.5610024780390367
0.7620320855614974,0.5307262569832403,0.5613958253829474
0.7620320855614974,0.5317164179104478,0.5617500777985986
0.7593582887700535,0.5308411214953271,0.5619442795102448
0.7566844919786097,0.5299625468164794,0.5639459282103787
0.7566844919786097,0.5309568480300187,0.5642844527349444
0.7566844919786097,0.5319548872180451,0.5651837811693762
0.7566844919786097,0.5329566854990584,0.5651972594906628
0.7540106951871658,0.5320754716981132,0.5653545762073692
0.7540106951871658,0.5330812854442344,0.5655224532236506
0.7540106951871658,0.5340909090909091,0.5660575558732848
0.7540106951871658,0.5351043643263758,0.567511823819076
0.7513368983957219,0.5372848948374761,0.5679859149153133
0.7513368983957219,0.5383141762452107,0.5681833166980225
0.7513368983957219,0.5393474088291746,0.5684195662278934
0.7513368983957219,0.5403846153846154,0.5684843228621477
0.7513368983957219,0.5414258188824663,0.5690734762907972
0.7513368983957219,0.5424710424710425,0.5709163417560258
0.7513368983957219,0.5435203094777563,0.5709676500330833
0.7486631016042781,0.5426356589147286,0.5720228511666979
0.7486631016042781,0.5436893203883495,0.5723101378511151
0.7486631016042781,0.5447470817120622,0.5723811648055657
0.7459893048128342,0.543859649122807,0.5729551262292101
0.7433155080213903,0.54296875,0.5749209321912903
0.7406417112299465,0.5420743639921722,0.5750866924263641
0.7406417112299465,0.5442043222003929,0.5755554237990009
0.7406417112299465,0.5452755905511811,0.5777399441700481
0.7406417112299465,0.5463510848126233,0.5778594177246368
0.7406417112299465,0.5474308300395256,0.5800496639796642
0.7406417112299465,0.5485148514851486,0.581910805747198
0.7406417112299465,0.5496031746031746,0.5823704776979747
0.7406417112299465,0.5517928286852589,0.5830218244278316
0.7406417112299465,0.5528942115768463,0.5833353003416432
0.7379679144385026,0.552,0.584251399243899
0.7352941176470589,0.5511022044088176,0.585975610634769
0.7352941176470589,0.5522088353413654,0.5862495994058783
0.7352941176470589,0.5533199195171026,0.5863284307572886
0.7352941176470589,0.5544354838709677,0.5866681464958311
0.7352941176470589,0.5555555555555556,0.5881046153196993
0.732620320855615,0.5546558704453441,0.5882630179062817
0.732620320855615,0.5557809330628803,0.5898970859428166
0.732620320855615,0.556910569105691,0.5908618986117911
0.732620320855615,0.5580448065173116,0.5914611016356389
0.732620320855615,0.5591836734693878,0.5921612537950091
0.732620320855615,0.5603271983640081,0.5926452895291122
0.732620320855615,0.5614754098360656,0.5936575321602305
0.7299465240641712,0.5605749486652978,0.5943948341523153
0.7299465240641712,0.5617283950617284,0.5943964644759531
0.7272727272727273,0.5608247422680412,0.5964886553919778
0.7245989304812834,0.5599173553719008,0.5965243538469859
0.7219251336898396,0.5590062111801242,0.5968013893178088
0.7219251336898396,0.5601659751037344,0.5969801521802758
0.7219251336898396,0.5613305613305614,0.5976350392469183
0.7219251336898396,0.5625,0.5978238599705018
0.7219251336898396,0.5636743215031316,0.598295429491662
0.7192513368983957,0.5627615062761506,0.6001224882068644
0.7192513368983957,0.5639412997903563,0.6001655636413276
0.7192513368983957,0.5651260504201681,0.6016441036799778
0.7192513368983957,0.5663157894736842,0.6021707704083894
0.7192513368983957,0.5675105485232067,0.6030002329719942
0.7192513368983957,0.5687103594080338,0.6042598778972912
0.7192513368983957,0.5699152542372882,0.6058442830060672
0.7165775401069518,0.5690021231422505,0.6068562861012884
0.713903743315508,0.5680851063829787,0.6082533126070238
0.7112299465240641,0.5671641791044776,0.6092834244495811
0.7085561497326203,0.5662393162393162,0.610243959616279
0.7058823529411765,0.5653104925053534,0.6108123711375995
0.7058823529411765,0.5665236051502146,0.611256666114883
0.7058823529411765,0.567741935483871,0.6115010006546064
0.7032085561497327,0.5668103448275862,0.6116599431325394
0.7032085561497327,0.5680345572354212,0.6119389548875215
0.7005347593582888,0.5670995670995671,0.6122076226166733
0.6978609625668449,0.5661605206073753,0.6128818894248803
0.6951871657754011,0.5652173913043478,0.613351575706943
0.6951871657754011,0.5664488017429193,0.614445478539072
0.6951871657754011,0.5676855895196506,0.6146472497120598
0.6925133689839572,0.5667396061269147,0.6152212448126839
0.6925133689839572,0.5679824561403509,0.6163021494977223
0.6898395721925134,0.567032967032967,0.6181889553787904
0.6898395721925134,0.5682819383259912,0.6184386059730141
0.6898395721925134,0.5695364238410596,0.6186457452621331
0.6898395721925134,0.5707964601769911,0.6190161879316873
0.6898395721925134,0.5720620842572062,0.6192396237976291
0.6898395721925134,0.5733333333333334,0.6195029861079904
0.6871657754010695,0.5723830734966593,0.6204388968751237
0.6871657754010695,0.5736607142857143,0.6206629199547274
0.6844919786096256,0.5727069351230425,0.6210198862429676
0.6844919786096256,0.5739910313901345,0.6214675860994338
0.6844919786096256,0.5752808988764045,0.6223139193497008
0.6818181818181818,0.5743243243243243,0.6225588012929157
0.6818181818181818,0.5756207674943566,0.6230461790299188
0.6818181818181818,0.5769230769230769,0.6239111426204687
0.679144385026738,0.5759637188208617,0.6247117070683098
0.679144385026738,0.5772727272727273,0.6247394187049599
0.679144385026738,0.5785876993166287,0.625325637285476
0.679144385026738,0.5799086757990868,0.6266336842989804
0.679144385026738,0.5812356979405034,0.6275648003188524
0.679144385026738,0.5825688073394495,0.6280584221794105
0.679144385026738,0.5839080459770115,0.6283147063235858
0.679144385026738,0.5852534562211982,0.6299745441507161
0.679144385026738,0.5866050808314087,0.6299912611805253
0.679144385026738,0.5879629629629629,0.630049417230024
0.679144385026738,0.5893271461716937,0.6307542529779371
0.679144385026738,0.5906976744186047,0.631352439636597
0.679144385026738,0.5920745920745921,0.6328478541165035
0.679144385026738,0.5934579439252337,0.63587230205556
0.679144385026738,0.594847775175644,0.6360165009925612
0.6764705882352942,0.5938967136150235,0.6360543777754427
0.6764705882352942,0.5952941176470589,0.6362732938797578
0.6764705882352942,0.5966981132075472,0.6387978285622822
0.6764705882352942,0.5981087470449172,0.6388338534847082
0.6737967914438503,0.5971563981042654,0.6391827169153736
0.6711229946524064,0.5961995249406176,0.6401515471044765
0.6684491978609626,0.5952380952380952,0.6402211145468368
0.6657754010695187,0.594272076372315,0.6412245556088371
0.6631016042780749,0.5933014354066986,0.6419167237455449
0.6631016042780749,0.5947242206235012,0.6422566664987197
0.660427807486631,0.59375,0.6428268048886316
0.6577540106951871,0.5927710843373494,0.6455819600954741
0.6577540106951871,0.5942028985507246,0.6494200334805419
0.6577540106951871,0.5956416464891041,0.6494609860552333
0.6577540106951871,0.5970873786407767,0.6494774306790116
0.6577540106951871,0.5985401459854015,0.6506517373745486
0.6577540106951871,0.6,0.6513851149153239
0.6550802139037433,0.5990220048899756,0.6515404786581644
0.6550802139037433,0.6004901960784313,0.6516534261748793
0.6524064171122995,0.5995085995085995,0.6522441070345436
0.6524064171122995,0.6009852216748769,0.6525158515735188
0.6497326203208557,0.6,0.6539057985949794
0.6497326203208557,0.6014851485148515,0.6559570464123002
0.6470588235294118,0.6004962779156328,0.6566288756280683
0.6470588235294118,0.6019900497512438,0.6566337483383275
0.6470588235294118,0.6034912718204489,0.6571565319416814
0.6443850267379679,0.6025,0.6572983549214849
0.6443850267379679,0.6040100250626567,0.6579566740417839
0.6417112299465241,0.6030150753768844,0.6583294651313913
0.6417112299465241,0.6045340050377834,0.6583401291089137
0.6390374331550802,0.6035353535353535,0.6607157462328846
0.6390374331550802,0.6050632911392405,0.6611835241029942
0.6363636363636364,0.6040609137055838,0.6628006328891253
0.6336898395721925,0.6030534351145038,0.6628425054413539
0.6310160427807486,0.6020408163265306,0.6638377072076851
0.6310160427807486,0.6035805626598465,0.6638554578409513
0.6283422459893048,0.6025641025641025,0.6643376221693685
0.6283422459893048,0.6041131105398457,0.6648247283151173
0.6283422459893048,0.6056701030927835,0.6651015188334125
0.6256684491978609,0.6046511627906976,0.6656710678215825
0.6229946524064172,0.6036269430051814,0.6661342342481168
0.6203208556149733,0.6025974025974026,0.6667442274355199
0.6203208556149733,0.6041666666666666,0.6679852091813292
0.6203208556149733,0.6057441253263708,0.6679897688165919
0.6203208556149733,0.6073298429319371,0.6689437998410667
0.6203208556149733,0.6089238845144357,0.6704573354231358
0.6176470588235294,0.6078947368421053,0.6721775135472585
0.6149732620320856,0.6068601583113457,0.6722379111209086
0.6149732620320856,0.6084656084656085,0.673107662577325
0.6149732620320856,0.610079575596817,0.6734943547318839
0.6149732620320856,0.6117021276595744,0.6739587581648357
0.6149732620320856,0.6133333333333333,0.6746747122875992
0.6122994652406417,0.6122994652406417,0.6749737064539619
0.6096256684491979,0.6112600536193029,0.6755985485736337
0.6096256684491979,0.6129032258064516,0.6758843983210007
0.6096256684491979,0.6145552560646901,0.6768479156520011
0.6096256684491979,0.6162162162162163,0.6776083689399679
0.6096256684491979,0.6178861788617886,0.6777021991457192
0.606951871657754,0.6168478260869565,0.6780097976714738
0.606951871657754,0.6185286103542235,0.6800262035437852
0.606951871657754,0.6202185792349727,0.6802561090778505
0.6042780748663101,0.6191780821917808,0.6804235453425069
0.6042780748663101,0.6208791208791209,0.680475678322723
0.6042780748663101,0.6225895316804407,0.6808484629828623
0.6042780748663101,0.6243093922651933,0.6844700492908817
0.6042780748663101,0.6260387811634349,0.6851873874718282
0.6042780748663101,0.6277777777777778,0.686086137477114
0.6042780748663101,0.6295264623955432,0.6864915047295377
0.6042780748663101,0.6312849162011173,0.6868525958770433
0.6016042780748663,0.6302521008403361,0.687338971833935
0.6016042780748663,0.6320224719101124,0.6875585719618447
0.5989304812834224,0.6309859154929578,0.6876364864477782
0.5989304812834224,0.632768361581921,0.688533547189064
0.5962566844919787,0.6317280453257791,0.690148376104185
0.5962566844919787,0.6335227272727273,0.6908921324361603
0.5962566844919787,0.6353276353276354,0.6920861870009207
0.5962566844919787,0.6389684813753582,0.6931988654416588
0.5962566844919787,0.6408045977011494,0.6942899476176813
0.5962566844919787,0.6426512968299711,0.6954007903673902
0.5962566844919787,0.6445086705202312,0.6962497075326738
0.5962566844919787,0.6463768115942029,0.6967642671873376
0.5962566844919787,0.6482558139534884,0.6969914135032319
0.5935828877005348,0.6472303206997084,0.6976370695647005
0.5909090909090909,0.6461988304093568,0.6983675129736808
0.5909090909090909,0.6480938416422287,0.6986577218677709
0.5909090909090909,0.65,0.6992179004328569
0.5909090909090909,0.6519174041297935,0.7010513880525802
0.5909090909090909,0.6538461538461539,0.7027983610825373
0.5882352941176471,0.6528189910979229,0.7034247957931758
0.5882352941176471,0.6547619047619048,0.7063198559962351
0.5882352941176471,0.6567164179104478,0.7077663379098258
0.5882352941176471,0.6586826347305389,0.7080714725195251
0.5882352941176471,0.6606606606606606,0.7085970919607613
0.5855614973262032,0.6596385542168675,0.709947692881006
0.5855614973262032,0.6616314199395771,0.7108454572175167
0.5828877005347594,0.6606060606060606,0.7111198004130292
0.5828877005347594,0.662613981762918,0.7112945921567402
0.5802139037433155,0.6615853658536586,0.7120101831027014
0.5802139037433155,0.6636085626911316,0.7121131580802553
0.5802139037433155,0.6656441717791411,0.712163618065013
0.5802139037433155,0.6676923076923077,0.7122689296815375
0.5802139037433155,0.6697530864197531,0.7132509243398036
0.5802139037433155,0.6718266253869969,0.7135792044109014
0.5802139037433155,0.6739130434782609,0.7137425378527237
0.5802139037433155,0.67601246105919,0.7139122364431311
0.5775401069518716,0.675,0.714663790773242
0.5748663101604278,0.6739811912225705,0.7148241320066866
0.5721925133689839,0.6729559748427673,0.7177910841643488
0.56951871657754,0.6719242902208202,0.7180427848284816
0.5668449197860963,0.6708860759493671,0.7182170166195027
0.5641711229946524,0.6698412698412698,0.7185410257216587
0.5614973262032086,0.6687898089171974,0.7190280978951055
0.5588235294117647,0.6677316293929713,0.7193020762474678
0.5588235294117647,0.6698717948717948,0.7203004894962857
0.5588235294117647,0.6720257234726688,0.7204188801824788
0.5561497326203209,0.6709677419354839,0.7206000580988486
0.5561497326203209,0.6731391585760518,0.7210917332782129
0.553475935828877,0.672077922077922,0.7216104644564656
0.5508021390374331,0.6710097719869706,0.7217272524573896
0.5481283422459893,0.6699346405228758,0.7229220796892671
0.5454545454545454,0.6688524590163935,0.7229334605522921
0.5401069518716578,0.6666666666666666,0.7235080126957356
0.5401069518716578,0.6688741721854304,0.7238270948718537
0.5374331550802139,0.6677740863787376,0.7238616720697263
0.5347593582887701,0.6666666666666666,0.7239180501144044
0.5320855614973262,0.6655518394648829,0.7239741089952928
0.5294117647058824,0.6644295302013423,0.724068327427782
0.5294117647058824,0.6666666666666666,0.7243420244306408
0.5267379679144385,0.6655405405405406,0.7245841501361061
0.5267379679144385,0.6677966101694915,0.7249141991608814
0.5240641711229946,0.6666666666666666,0.7249993361036267
0.5213903743315508,0.6655290102389079,0.7259960896341806
0.5187165775401069,0.6643835616438356,0.7271172420481581
0.516042780748663,0.6632302405498282,0.7301582952421143
0.5133689839572193,0.6620689655172414,0.7304002097844379
0.5106951871657754,0.6608996539792388,0.7313116238396763
0.5080213903743316,0.6597222222222222,0.7318593089695448
0.5080213903743316,0.662020905923345,0.7319616080327421
0.5080213903743316,0.6643356643356644,0.7319876310824565
0.5080213903743316,0.6666666666666666,0.7321170124646845
0.5053475935828877,0.6654929577464789,0.7333209325059602
0.5026737967914439,0.6643109540636042,0.7335860454571095
0.5,0.6631205673758865,0.733729016899655
0.49732620320855614,0.6619217081850534,0.7338493422132886
0.4946524064171123,0.6607142857142857,0.734374030548228
0.4919786096256685,0.6594982078853047,0.7346093838113773
0.4893048128342246,0.658273381294964,0.7352029646458356
0.4893048128342246,0.6606498194945848,0.7355165769168113
0.4893048128342246,0.6630434782608695,0.7367699723864477
0.4893048128342246,0.6654545454545454,0.7378043075082493
0.4893048128342246,0.6678832116788321,0.7381766017480688
0.48663101604278075,0.6666666666666666,0.7387237288786059
0.4839572192513369,0.6654411764705882,0.7396733085733672
0.48128342245989303,0.6642066420664207,0.7398230739368475
0.48128342245989303,0.6666666666666666,0.7408725817622912
0.4786096256684492,0.6654275092936803,0.7413156651046363
0.4786096256684492,0.667910447761194,0.7420941215812423
0.47593582887700536,0.6666666666666666,0.7426672253878975
0.4732620320855615,0.6654135338345865,0.7427106070070725
0.47058823529411764,0.6641509433962264,0.7435771218418131
0.47058823529411764,0.6666666666666666,0.7465192907209085
0.47058823529411764,0.6692015209125475,0.7480765665488059
0.47058823529411764,0.6717557251908397,0.7486500929629213
0.47058823529411764,0.6743295019157088,0.749960095036412
0.47058823529411764,0.676923076923077,0.7502108045719864
0.47058823529411764,0.6795366795366795,0.7509133553899804
0.47058823529411764,0.6821705426356589,0.751031036060105
0.4679144385026738,0.6809338521400778,0.7523910128583253
0.46524064171123,0.6796875,0.7528637636558371
0.4625668449197861,0.6784313725490196,0.7530855628174349
0.45989304812834225,0.6771653543307087,0.7534937286587786
0.4572192513368984,0.6758893280632411,0.7544850938890986
0.45454545454545453,0.6746031746031746,0.7544982137928241
0.45187165775401067,0.6733067729083665,0.7549745693158444
0.45187165775401067,0.676,0.755822276423559
0.44919786096256686,0.6746987951807228,0.7564529001522856
0.446524064171123,0.6733870967741935,0.7568194297313221
0.44385026737967914,0.6720647773279352,0.7578227392333987
0.4411764705882353,0.6707317073170732,0.758001127573587
0.4411764705882353,0.673469387755102,0.7581393468067823
0.4385026737967914,0.6721311475409836,0.7596341910318506
0.4385026737967914,0.6748971193415638,0.7597635344327219
0.4385026737967914,0.6776859504132231,0.7601258619305262
0.4358288770053476,0.6763485477178424,0.7603321083521317
0.43315508021390375,0.675,0.7604080470826736
0.43315508021390375,0.6778242677824268,0.7608624475430632
0.43315508021390375,0.680672268907563,0.7611822101938411
0.43315508021390375,0.6835443037974683,0.7612403513375438
0.4304812834224599,0.6822033898305084,0.7615658827888652
0.42780748663101603,0.6808510638297872,0.765805923020393
0.42780748663101603,0.6837606837606838,0.7658923988428503
0.42513368983957217,0.6824034334763949,0.7663975166320028
0.42245989304812837,0.6810344827586207,0.7669858812945954
0.42245989304812837,0.683982683982684,0.7698531869516156
0.4197860962566845,0.6826086956521739,0.7700643755129958
0.41711229946524064,0.6812227074235808,0.771378398995886
0.4144385026737968,0.6798245614035088,0.7716445395084818
0.4144385026737968,0.6828193832599119,0.7723712053270362
0.4117647058823529,0.6814159292035398,0.7734910238696312
0.4090909090909091,0.68,0.7737518192165905
0.4090909090909091,0.6830357142857143,0.7764459126645038
0.40641711229946526,0.6816143497757847,0.7766028753930907
0.4037433155080214,0.6801801801801802,0.7767313190131679
0.40106951871657753,0.6787330316742082,0.7772586162803103
0.40106951871657753,0.6818181818181818,0.7774593558828392
0.3983957219251337,0.680365296803653,0.7776966137759838
0.39572192513368987,0.6788990825688074,0.7795071336768895
0.393048128342246,0.6774193548387096,0.7800019958475909
0.39037433155080214,0.6759259259259259,0.7820849688907018
0.3877005347593583,0.6744186046511628,0.7821625116849751
0.3850267379679144,0.6728971962616822,0.7822893190022177
0.38235294117647056,0.6713615023474179,0.7832275320567789
0.37967914438502676,0.6698113207547169,0.7833221636325531
0.3770053475935829,0.6682464454976303,0.7844499837053115
0.37433155080213903,0.6666666666666666,0.7850763520503737
0.37433155080213903,0.6698564593301436,0.7860571990897942
0.3716577540106952,0.6682692307692307,0.7864447716305273
0.3689839572192513,0.6666666666666666,0.7874352880054662
0.3689839572192513,0.6699029126213593,0.7876100984295135
0.3663101604278075,0.6682926829268293,0.7882469383532716
0.36363636363636365,0.6666666666666666,0.7891649701292824
0.36363636363636365,0.6699507389162561,0.7916223467884802
0.3609625668449198,0.6683168316831684,0.7934107098950692
0.3582887700534759,0.6666666666666666,0.7939740825371197
0.35561497326203206,0.665,0.7944043136583945
0.35294117647058826,0.6633165829145728,0.7958693518168496
0.35294117647058826,0.6666666666666666,0.7970230003777273
0.3502673796791444,0.6649746192893401,0.7970719394868963
0.34759358288770054,0.6632653061224489,0.7970724456090276
0.34759358288770054,0.6666666666666666,0.7986632973024153
0.34759358288770054,0.6701030927835051,0.7988192319765325
0.34759358288770054,0.6735751295336787,0.8009865503813901
0.3449197860962567,0.671875,0.8010934343596232
0.3422459893048128,0.6701570680628273,0.8060287433684088
0.339572192513369,0.6684210526315789,0.8067624480275497
0.339572192513369,0.675531914893617,0.806771848937257
0.339572192513369,0.679144385026738,0.8079485355836631
0.33689839572192515,0.6774193548387096,0.8100927191771513
0.33689839572192515,0.6810810810810811,0.8114443877039027
0.33689839572192515,0.6847826086956522,0.8117301342699871
0.33689839572192515,0.6885245901639344,0.812347069362436
0.33689839572192515,0.6923076923076923,0.8129638994030822
0.3342245989304813,0.6906077348066298,0.81347209200294
0.3342245989304813,0.6944444444444444,0.8135411287938646
0.3315508021390374,0.6927374301675978,0.8136015024891857
0.32887700534759357,0.6910112359550562,0.8137517205669457
0.32620320855614976,0.6892655367231638,0.8137558942370116
0.32620320855614976,0.6931818181818182,0.8138712086272116
0.3235294117647059,0.6914285714285714,0.8140950505349371
0.32085561497326204,0.6896551724137931,0.8143369662950471
0.3155080213903743,0.686046511627907,0.8189129664681546
0.3155080213903743,0.6900584795321637,0.8200415361929675
0.31283422459893045,0.6882352941176471,0.8206053134790028
0.31016042780748665,0.6863905325443787,0.8214934321560327
0.3074866310160428,0.688622754491018,0.8216202812945513
0.3048128342245989,0.6867469879518072,0.8218938237280677
0.30213903743315507,0.6848484848484848,0.8219463199793245
0.30213903743315507,0.6890243902439024,0.8227516510087656
0.2994652406417112,0.6871165644171779,0.8232377123182841
0.2994652406417112,0.691358024691358,0.8238202923410429
0.2994652406417112,0.6956521739130435,0.8265124503225483
0.2967914438502674,0.69375,0.8268330006600992
0.2967914438502674,0.6981132075471698,0.8268848497715477
0.2967914438502674,0.7025316455696202,0.8271036708113958
0.29411764705882354,0.7006369426751592,0.8282877046449554
0.2914438502673797,0.6987179487179487,0.8284279475455235
0.2914438502673797,0.7032258064516129,0.8298961930360094
0.2887700534759358,0.7012987012987013,0.8299186835218796
0.28609625668449196,0.6993464052287581,0.8300640209440042
0.28609625668449196,0.7086092715231788,0.8305032858251793
0.28609625668449196,0.7133333333333334,0.8309586629938852
0.28609625668449196,0.7181208053691275,0.8335974055938058
0.28609625668449196,0.722972972972973,0.8347913317768015
0.28609625668449196,0.7278911564625851,0.8370450014712589
0.28609625668449196,0.7328767123287672,0.8380347537663669
0.28342245989304815,0.7310344827586207,0.8394717469399975
0.28342245989304815,0.7361111111111112,0.8399653318056638
0.28342245989304815,0.7412587412587412,0.8403166272827689
0.2807486631016043,0.7394366197183099,0.8404576726995586
0.2807486631016043,0.7446808510638298,0.8407762309286455
0.2807486631016043,0.75,0.840801910329717
0.27807486631016043,0.7482014388489209,0.8420575586043647
0.27807486631016043,0.7536231884057971,0.8420997714030181
0.27807486631016043,0.7591240875912408,0.8424173979083015
0.27540106951871657,0.7573529411764706,0.843495821025074
0.27540106951871657,0.762962962962963,0.8445237134919606
0.27540106951871657,0.7686567164179104,0.844855524737772
0.2727272727272727,0.7669172932330827,0.8463702237095155
0.2727272727272727,0.7727272727272727,0.8466236465903719
0.2727272727272727,0.7786259541984732,0.8471873056617089
0.2700534759358289,0.7769230769230769,0.8473669520817455
0.26737967914438504,0.7751937984496124,0.8476687771265405
0.26737967914438504,0.78125,0.8476942056139107
0.2647058823529412,0.7795275590551181,0.8488202620305583
0.2620320855614973,0.7777777777777778,0.8495887605128004
0.2620320855614973,0.784,0.8496743044879549
0.25935828877005346,0.782258064516129,0.8496837700300301
0.25668449197860965,0.7804878048780488,0.8502174895422027
0.25668449197860965,0.7868852459016393,0.850508349300386
0.2540106951871658,0.7851239669421488,0.8513243672249357
0.25133689839572193,0.7833333333333333,0.8527953007073492
0.24866310160427807,0.7815126050420168,0.8529066327422421
0.24598930481283424,0.7796610169491526,0.8529826959032125
0.24598930481283424,0.7863247863247863,0.8532214174201104
0.24598930481283424,0.7931034482758621,0.8544280110664552
0.24331550802139038,0.7913043478260869,0.8554603749334037
0.24064171122994651,0.7894736842105263,0.8559348658660183
0.23796791443850268,0.7876106194690266,0.8561463786122684
0.23529411764705882,0.7857142857142857,0.8594724748008192
0.232620320855615,0.7837837837837838,0.8599006339996683
0.232620320855615,0.7909090909090909,0.8602975624889576
0.232620320855615,0.7981651376146789,0.8603115770012938
0.232620320855615,0.8055555555555556,0.8607158707166164
0.232620320855615,0.8130841121495327,0.8608303182679568
0.232620320855615,0.8207547169811321,0.8609921627278485
0.232620320855615,0.8285714285714286,0.8615143976182889
0.232620320855615,0.8365384615384616,0.8616059294769244
0.22994652406417113,0.8349514563106796,0.8617359255260492
0.22727272727272727,0.8333333333333334,0.8620843803904732
0.22727272727272727,0.8415841584158416,0.8621138001339599
0.22459893048128343,0.84,0.862284720869115
0.22192513368983957,0.8383838383838383,0.8626786223135078
0.22192513368983957,0.8469387755102041,0.8628542260125639
0.2192513368983957,0.845360824742268,0.8631896965329691
0.21657754010695188,0.84375,0.8637894392317208
0.21390374331550802,0.8421052631578947,0.8671410509637518
0.21390374331550802,0.851063829787234,0.8672533732723267
0.21122994652406418,0.8494623655913979,0.8674202747301237
0.20855614973262032,0.8478260869565217,0.8683572412862839
0.20588235294117646,0.8461538461538461,0.8691968869196798
0.20588235294117646,0.8555555555555555,0.8694449916678875
0.20320855614973263,0.8539325842696629,0.8697596399948668
0.20320855614973263,0.8636363636363636,0.8701978999491836
0.20053475935828877,0.8620689655172413,0.8707238941390425
0.19786096256684493,0.8604651162790697,0.871348892568436
0.19518716577540107,0.8588235294117647,0.8714374700141149
0.19518716577540107,0.8690476190476191,0.8718438672128617
0.1925133689839572,0.8674698795180723,0.8720050585060696
0.18983957219251338,0.8658536585365854,0.8741334225446032
0.18716577540106952,0.8641975308641975,0.8756036736276729
0.18449197860962566,0.8625,0.8776316710570764
0.18449197860962566,0.8734177215189873,0.8779139883097129
0.18181818181818182,0.8717948717948718,0.8780165878860201
0.17914438502673796,0.8701298701298701,0.8785464020056792
0.17647058823529413,0.868421052631579,0.8785555789376003
0.17379679144385027,0.8666666666666667,0.8785862865303821
0.17379679144385027,0.8783783783783784,0.8792559243169646
0.17379679144385027,0.8904109589041096,0.8798083330545586
0.1711229946524064,0.8888888888888888,0.8806062266547868
0.16844919786096257,0.8873239436619719,0.8811733337790429
0.1657754010695187,0.8857142857142857,0.8836263380584162
0.16310160427807488,0.8840579710144928,0.8842850311145106
0.16042780748663102,0.8823529411764706,0.8846448297381495
0.15775401069518716,0.8805970149253731,0.8862656949963124
0.15508021390374332,0.8787878787878788,0.886290551237481
0.15240641711229946,0.8769230769230769,0.8870678679192652
0.1497326203208556,0.875,0.8884476219784739
0.14705882352941177,0.873015873015873,0.8896710851436802
0.14705882352941177,0.8870967741935484,0.8897157060033918
0.14171122994652408,0.8833333333333333,0.8902238949097034
0.13903743315508021,0.8813559322033898,0.8908050334327301
0.13636363636363635,0.8793103448275862,0.8909499644346025
0.13636363636363635,0.8947368421052632,0.8911707621049815
0.13368983957219252,0.8928571428571429,0.8919809016102859
0.13101604278074866,0.8909090909090909,0.8935047004586147
0.13101604278074866,0.9074074074074074,0.8956373955851775
0.12834224598930483,0.9056603773584906,0.8964615234367104
0.12566844919786097,0.9038461538461539,0.8991178726178174
0.12299465240641712,0.9019607843137255,0.8994522188264931
0.12032085561497326,0.9,0.8996022222222342
0.11764705882352941,0.8979591836734694,0.9005212364563225
0.11497326203208556,0.8958333333333334,0.900630180100297
0.11229946524064172,0.8936170212765957,0.9008004515098552
0.10962566844919786,0.8913043478260869,0.9019149034450078
0.10695187165775401,0.8888888888888888,0.9021534924338812
0.10427807486631016,0.8863636363636364,0.9037672789212895
0.10160427807486631,0.9047619047619048,0.9038610699144657
0.09893048128342247,0.9024390243902439,0.9048650082454379
0.0962566844919786,0.9,0.905242232366505
0.09358288770053476,0.8974358974358975,0.9055495936320314
0.09090909090909091,0.8947368421052632,0.9057310452257497
0.08823529411764706,0.8918918918918919,0.9059191051693316
0.0855614973262032,0.9411764705882353,0.9061335495686417
0.08288770053475936,0.9393939393939394,0.9062578833968563
0.08021390374331551,0.9375,0.9063969564632435
0.0748663101604278,0.9333333333333333,0.9069893168841962
0.07219251336898395,0.9310344827586207,0.9071504865509687
0.06951871657754011,0.9285714285714286,0.9076038351704434
0.06684491978609626,0.9259259259259259,0.908587702956054
0.06417112299465241,0.9230769230769231,0.9094894043760852
0.06149732620320856,0.92,0.9104172587955761
0.058823529411764705,0.9166666666666666,0.9111763492199375
0.05614973262032086,0.9130434782608695,0.9121695677840423
0.053475935828877004,0.9090909090909091,0.9132255123201877
0.05080213903743316,0.9047619047619048,0.9138089567936438
0.0481283422459893,0.9,0.917348242415133
0.0481283422459893,0.9473684210526315,0.9186593319981183
0.045454545454545456,0.9444444444444444,0.920099433448412
0.0427807486631016,0.9411764705882353,0.920162861444341
0.040106951871657755,0.9375,0.922223070101878
0.0374331550802139,0.9333333333333333,0.92455159008401
0.034759358288770054,0.9285714285714286,0.9274526324877336
0.03208556149732621,0.9230769230769231,0.9285754585777255
0.026737967914438502,0.9090909090909091,0.9307803887202957
0.02406417112299465,0.9,0.9315399012262476
0.0213903743315508,0.8888888888888888,0.9320434708760869
0.01871657754010695,0.875,0.9321430833128292
0.016042780748663103,0.8571428571428571,0.9327346914947572
0.013368983957219251,0.8333333333333334,0.9340570091488942
0.013368983957219251,1.0,0.9365904093968421
0.0106951871657754,1.0,0.9421957472463213
0.008021390374331552,1.0,0.9461768799608279
0.0053475935828877,1.0,0.9522796083956967
0.00267379679144385,1.0,0.9592060098502306
0.0,1.0,
